DATE,JPNCPIALLMINMEI,JPNPROINDMISMEI,INTDSRJPM193N
1953-01-01,.,.,5.839999999
1953-02-01,.,.,5.839999999
1953-03-01,.,.,5.839999999
1953-04-01,.,.,5.839999999
1953-05-01,.,.,5.839999999
1953-06-01,.,.,5.839999999
1953-07-01,.,.,5.839999999
1953-08-01,.,.,5.839999999
1953-09-01,.,.,5.839999999
1953-10-01,.,.,5.839999999
1953-11-01,.,.,5.839999999
1953-12-01,.,.,5.839999999
1954-01-01,.,.,5.839999999
1954-02-01,.,.,5.839999999
1954-03-01,.,.,5.839999999
1954-04-01,.,.,5.839999999
1954-05-01,.,.,5.839999999
1954-06-01,.,.,5.839999999
1954-07-01,.,.,5.839999999
1954-08-01,.,.,5.839999999
1954-09-01,.,.,5.839999999
1954-10-01,.,.,5.839999999
1954-11-01,.,.,5.839999999
1954-12-01,.,.,5.839999999
1955-01-01,.,.,5.839999999
1955-02-01,.,.,5.839999999
1955-03-01,.,.,5.839999999
1955-04-01,.,.,5.839999999
1955-05-01,.,.,5.839999999
1955-06-01,.,.,5.839999999
1955-07-01,.,.,5.839999999
1955-08-01,.,.,7.299999999
1955-09-01,.,.,7.299999999
1955-10-01,.,.,7.299999999
1955-11-01,.,.,7.299999999
1955-12-01,.,.,7.299999999
1956-01-01,.,.,7.299999999
1956-02-01,.,.,7.299999999
1956-03-01,.,.,7.299999999
1956-04-01,.,.,7.299999999
1956-05-01,.,.,7.299999999
1956-06-01,.,.,7.299999999
1956-07-01,.,.,7.299999999
1956-08-01,.,.,7.299999999
1956-09-01,.,.,7.299999999
1956-10-01,.,.,7.299999999
1956-11-01,.,.,7.299999999
1956-12-01,.,.,7.299999999
1957-01-01,.,.,7.299999999
1957-02-01,.,.,7.299999999
1957-03-01,.,.,7.669999999
1957-04-01,.,.,7.669999999
1957-05-01,.,.,8.4
1957-06-01,.,.,8.4
1957-07-01,.,.,8.4
1957-08-01,.,.,8.4
1957-09-01,.,.,8.4
1957-10-01,.,.,8.4
1957-11-01,.,.,8.4
1957-12-01,.,.,8.4
1958-01-01,.,.,8.4
1958-02-01,.,.,8.4
1958-03-01,.,.,8.4
1958-04-01,.,.,8.4
1958-05-01,.,.,8.4
1958-06-01,.,.,7.669999999
1958-07-01,.,.,7.669999999
1958-08-01,.,.,7.669999999
1958-09-01,.,.,7.299999999
1958-10-01,.,.,7.299999999
1958-11-01,.,.,7.299999999
1958-12-01,.,.,7.299999999
1959-01-01,.,.,7.299999999
1959-02-01,.,.,6.939999999
1959-03-01,.,.,6.939999999
1959-04-01,.,.,6.939999999
1959-05-01,.,.,6.939999999
1959-06-01,.,.,6.939999999
1959-07-01,.,.,6.939999999
1959-08-01,.,.,6.939999999
1959-09-01,.,.,6.939999999
1959-10-01,.,.,6.939999999
1959-11-01,.,.,6.939999999
1959-12-01,.,.,7.299999999
1960-01-01,18.1259763289028,12.114571538622,7.299999999
1960-02-01,18.1443224587941,12.7034743217495,7.299999999
1960-03-01,18.0892840691202,12.7034743217495,7.299999999
1960-04-01,18.1993608484346,12.9558612288041,7.299999999
1960-05-01,18.3644760172561,13.0399901978223,7.299999999
1960-06-01,18.2910914978911,13.0399901978223,7.299999999
1960-07-01,18.2727453679998,13.3765060738952,7.299999999
1960-08-01,18.4195144068633,13.5447640119316,6.939999999
1960-09-01,18.5662834459937,13.7971509189862,6.939999999
1960-10-01,18.6580140955169,13.9654088570226,6.939999999
1960-11-01,18.4011682771722,14.3019247330955,6.939999999
1960-12-01,18.5479373163026,14.3860537021137,6.939999999
1961-01-01,18.8047831346474,14.8066985472047,6.569999999
1961-02-01,18.8965137841706,14.8908275162229,6.569999999
1961-03-01,18.8598215242545,15.311472361314,6.569999999
1961-04-01,19.0432828230341,15.311472361314,6.569999999
1961-05-01,18.9515521737778,15.6479882373868,6.569999999
1961-06-01,18.9515521737778,15.8162461754232,6.569999999
1961-07-01,19.2634363817297,16.1527620514961,6.939999999
1961-08-01,19.4102054208601,16.4051489585507,6.939999999
1961-09-01,19.5202822003414,16.3210199895325,7.299999999
1961-10-01,19.9422431877746,16.6575358656053,7.299999999
1961-11-01,20.0339738370309,16.8257938036417,7.299999999
1961-12-01,20.2174351360774,17.0781807106964,7.299999999
1962-01-01,20.3458580452498,17.330567617751,7.299999999
1962-02-01,20.2724735256846,17.330567617751,7.299999999
1962-03-01,20.3091657853337,17.5829545248056,7.299999999
1962-04-01,20.5293193440293,17.330567617751,7.299999999
1962-05-01,20.6393961235106,17.5829545248056,7.299999999
1962-06-01,20.5660116039454,17.330567617751,7.299999999
1962-07-01,20.767819032683,16.9940517416782,7.299999999
1962-08-01,20.767819032683,17.330567617751,7.299999999
1962-09-01,20.6944345131178,17.0781807106964,7.299999999
1962-10-01,20.8595496819393,16.9940517416782,6.939999999
1962-11-01,20.7861651623741,17.0781807106964,6.569999999
1962-12-01,21.2081261498073,16.9940517416782,6.569999999
1963-01-01,21.5567026176753,17.330567617751,6.569999999
1963-02-01,21.6542442584994,17.8353414318602,6.569999999
1963-03-01,21.7517858993234,17.9194704008784,6.209999999
1963-04-01,21.8493275401031,18.5925021530241,5.839999999
1963-05-01,22.0200254115008,18.8448890600787,5.839999999
1963-06-01,22.1907232829428,18.6766311220423,5.839999999
1963-07-01,22.0444108217068,19.349662874188,5.839999999
1963-08-01,21.9712545911331,19.8544366882972,5.839999999
1963-09-01,22.4101919747525,19.8544366882972,5.839999999
1963-10-01,22.3370357441345,20.4433394714247,5.839999999
1963-11-01,22.2394941033105,20.7798553474975,5.839999999
1963-12-01,22.3370357441345,20.8639843165157,5.839999999
1964-01-01,22.3614211543405,21.1163712235704,5.839999999
1964-02-01,22.3370357441345,21.6211450376796,5.839999999
1964-03-01,22.4345773849142,21.368758130625,6.569999999
1964-04-01,22.7028168971359,21.7052740066978,6.569999999
1964-05-01,22.8003585379599,21.9576609137525,6.569999999
1964-06-01,22.7515877175479,22.3783057588435,6.569999999
1964-07-01,22.6296606665622,22.3783057588435,6.569999999
1964-08-01,22.8735147685336,22.3783057588435,6.569999999
1964-09-01,23.1661396909613,23.0513375109892,6.569999999
1964-10-01,23.5806916643748,22.967208541971,6.569999999
1964-11-01,23.3856083827711,22.7148216349163,6.569999999
1964-12-01,23.3856083827711,23.3037244180438,6.569999999
1965-01-01,23.8977019970085,23.0513375109892,6.209999999
1965-02-01,23.8489311765965,22.8830795729528,6.209999999
1965-03-01,23.9952436377882,23.0513375109892,6.209999999
1965-04-01,24.5073372518039,22.8830795729528,5.839999999
1965-05-01,24.3610247908339,22.5465636968799,5.839999999
1965-06-01,24.3122539704219,22.967208541971,5.479999999
1965-07-01,24.1903269193919,22.967208541971,5.479999999
1965-08-01,24.3122539704219,23.0513375109892,5.479999999
1965-09-01,24.6536497132173,23.1354664800074,5.479999999
1965-10-01,24.9706600456293,23.1354664800074,5.479999999
1965-11-01,24.7268059437466,23.5561113250984,5.479999999
1965-12-01,24.8975038151,23.5561113250984,5.479999999
1966-01-01,25.1413579169826,23.8926272011713,5.479999999
1966-02-01,25.3364411986307,23.9767561701895,5.479999999
1966-03-01,25.4339828394547,24.6497879223351,5.479999999
1966-04-01,25.7266077619268,25.1545617364444,5.479999999
1966-05-01,25.5559098905735,25.406948643499,5.479999999
1966-06-01,25.6046807108081,25.82759348859,5.479999999
1966-07-01,25.6778369416922,26.2482383336811,5.479999999
1966-08-01,25.4827536600442,26.6688831787721,5.479999999
1966-09-01,25.7753785821614,27.0895280238632,5.479999999
1966-10-01,25.9460764538696,27.5943018379724,5.479999999
1966-11-01,25.7509931722215,28.1832046210999,5.479999999
1966-12-01,25.9948472741042,28.7721074042274,5.479999999
1967-01-01,26.2874721965763,28.9403653422638,5.479999999
1967-02-01,26.409399247695,28.6879784352092,5.479999999
1967-03-01,26.4581700679296,29.445139156373,5.479999999
1967-04-01,26.5313262984589,29.6975260634276,5.479999999
1967-05-01,26.3606284271056,30.3705578155733,5.479999999
1967-06-01,26.214315966047,30.8753316296826,5.479999999
1967-07-01,26.1899305557523,31.2118475057554,5.479999999
1967-08-01,26.409399247695,31.7166213198647,5.479999999
1967-09-01,26.823951220931,32.642039979065,5.839999999
1967-10-01,27.2872740147565,32.9785558551378,5.839999999
1967-11-01,27.2628886044618,33.6515876072835,5.839999999
1967-12-01,27.4579718861098,33.9881034833563,5.839999999
1968-01-01,27.6774405780526,33.9039745143381,6.209999999
1968-02-01,27.7993676291714,34.4087483284473,6.209999999
1968-03-01,27.8481384494059,34.5770062664838,6.209999999
1968-04-01,27.9212946799353,34.8293931735384,6.209999999
1968-05-01,27.9212946799353,35.9230697707751,6.209999999
1968-06-01,27.6774405780526,35.3341669876476,6.209999999
1968-07-01,27.6774405780526,35.7548118327387,6.209999999
1968-08-01,27.9212946799353,36.680230491939,5.839999999
1968-09-01,28.555315345114,36.5119725539026,5.839999999
1968-10-01,28.5797007554088,37.4373912131028,5.839999999
1968-11-01,28.6528569859381,38.4469388413214,5.839999999
1968-12-01,28.5309299351742,38.2786809032849,5.839999999
1969-01-01,28.6284715759982,38.7834547173942,5.839999999
1969-02-01,28.6284715759982,39.3723575005216,5.839999999
1969-03-01,28.9210964981154,39.4564864695399,5.839999999
1969-04-01,29.2137214205875,40.5501630667766,5.839999999
1969-05-01,29.2381068308823,41.4755817259769,5.839999999
1969-06-01,29.2868776511168,41.139065849904,5.839999999
1969-07-01,29.6526588041182,41.7279686330315,5.839999999
1969-08-01,29.9208983166505,42.0644845091043,5.839999999
1969-09-01,30.1403670082384,42.9899031683046,6.25
1969-10-01,30.2866794696519,44.1677087345595,6.25
1969-11-01,30.1647524185331,44.1677087345595,6.25
1969-12-01,30.3598357001812,45.0089984247416,6.25
1970-01-01,30.8475439043014,45.5979012078691,6.25
1970-02-01,30.8475439043014,46.1026750219783,6.25
1970-03-01,31.1529651310766,46.4391908980512,6.25
1970-04-01,31.4583863578519,46.8598357431422,6.25
1970-05-01,31.3565792822601,47.4487385262697,6.25
1970-06-01,31.3565792822601,48.1217702784153,6.25
1970-07-01,31.3565792822601,48.1217702784153,6.25
1970-08-01,31.2547722066684,47.9535123403789,6.25
1970-09-01,31.7638075846271,48.1217702784153,6.25
1970-10-01,32.2728429625859,48.2900282164518,6
1970-11-01,32.2728429625859,47.7852544023425,6
1970-12-01,32.4764571137694,48.794802030561,6
1971-01-01,32.7818783405447,48.7106730615428,5.75
1971-02-01,32.7818783405447,48.4582861544882,5.75
1971-03-01,32.8836854161364,48.9630599685974,5.75
1971-04-01,33.2909137185034,48.7106730615428,5.75
1971-05-01,33.3927207940952,47.4487385262697,5.5
1971-06-01,33.494527869687,48.4582861544882,5.5
1971-07-01,33.494527869687,48.6265440925246,5.25
1971-08-01,33.494527869687,48.794802030561,5.25
1971-09-01,34.308984474421,49.4678337827067,5.25
1971-10-01,34.4107915500127,48.794802030561,5.25
1971-11-01,34.1053703232375,49.3837048136885,5.25
1971-12-01,34.1053703232375,49.0471889376156,4.75
1972-01-01,34.1053703232375,49.3837048136885,4.75
1972-02-01,34.308984474421,49.8884786277977,4.75
1972-03-01,34.6144057011962,50.8980262560162,4.75
1972-04-01,35.0216340035632,50.5615103799434,4.75
1972-05-01,35.123441079155,51.3186711011073,4.75
1972-06-01,35.123441079155,51.5710580081619,4.25
1972-07-01,35.123441079155,51.4869290391437,4.25
1972-08-01,35.4288623059303,52.832992543435,4.25
1972-09-01,35.6324764571138,53.4218953265625,4.25
1972-10-01,35.8360906082973,54.01079810969,4.25
1972-11-01,35.7342835327055,55.0203457379084,4.25
1972-12-01,36.0397047594808,56.3664092421998,4.25
1973-01-01,36.345125986256,57.7966017155093,4.25
1973-02-01,36.6505472130313,58.3013755296186,4.25
1973-03-01,37.5668108933571,59.2267941888189,4.25
1973-04-01,38.2794604224994,59.0585362507825,5
1973-05-01,38.8903028760499,59.6474390339099,5.5
1973-06-01,38.9921099516416,60.2363418170374,5.5
1973-07-01,39.2975311784169,59.5633100648917,6
1973-08-01,39.6029524051922,61.3300184142741,7
1973-09-01,40.7228302367015,60.488728724092,7
1973-10-01,40.926444387885,61.3300184142741,7
1973-11-01,41.2318656146602,61.9189211974016,7
1973-12-01,42.555357597353,61.9189211974016,9
1974-01-01,44.3878849580046,62.2554370734744,9
1974-02-01,45.8131840162891,62.087179135438,9
1974-03-01,46.1186052430644,60.6569866621284,9
1974-04-01,47.2384830745737,59.3950521268553,9
1974-05-01,47.4420972257572,59.5633100648917,9
1974-06-01,47.7475184525324,57.9648596535458,9
1974-07-01,48.6637821328582,57.3759568704183,9
1974-08-01,49.172817510817,56.5346671802362,9
1974-09-01,49.8854670399593,55.9457643971088,9
1974-10-01,51.0053448714686,54.7679588308538,9
1974-11-01,51.4125731738356,53.8425401716535,9
1974-12-01,51.5143802494273,52.832992543435,9
1975-01-01,52.1252227029779,50.813897286998,9
1975-02-01,52.2270297785696,50.3091234728888,9
1975-03-01,52.6342580809366,49.6360917207431,9
1975-04-01,53.5505217612624,50.813897286998,8.5
1975-05-01,53.8559429880377,50.813897286998,8.5
1975-06-01,53.8559429880377,51.3186711011073,8
1975-07-01,54.0595571392212,51.8234449152165,8
1975-08-01,53.8559429880377,51.8234449152165,7.5
1975-09-01,55.0776278951387,52.2440897603076,7.5
1975-10-01,55.8920844998728,52.412347698344,6.5
1975-11-01,55.6884703486892,51.5710580081619,6.5
1975-12-01,55.6884703486892,52.6647346053986,6.5
1976-01-01,56.7065411046068,53.5901532645989,6.5
1976-02-01,57.1137694069738,54.9362167688902,6.5
1976-03-01,57.3173835581573,55.7775064590723,6.5
1976-04-01,58.6408755408501,56.5346671802362,6.5
1976-05-01,58.8444896920336,56.3664092421998,6.5
1976-06-01,58.9462967676254,57.3759568704183,6.5
1976-07-01,59.3535250699924,57.8807306845275,6.5
1976-08-01,58.9462967676254,58.048988622564,6.5
1976-09-01,60.4734029015016,57.9648596535458,6.5
1976-10-01,60.7788241282769,57.9648596535458,6.5
1976-11-01,60.7788241282769,58.8061493437278,6.5
1976-12-01,61.4914736574192,59.0585362507825,6.5
1977-01-01,62.000509035378,59.5633100648917,6.5
1977-02-01,62.407737337745,58.7220203747096,6.5
1977-03-01,62.7131585645202,59.5633100648917,6
1977-04-01,63.7312293204378,59.2267941888189,5
1977-05-01,64.3420717739883,58.9744072817643,5
1977-06-01,64.1384576228048,59.4791810958735,5
1977-07-01,63.9348434716213,58.3013755296186,5
1977-08-01,64.036650547213,59.5633100648917,5
1977-09-01,65.0547213031306,59.5633100648917,4.25
1977-10-01,65.4619496054976,59.0585362507825,4.25
1977-11-01,64.7493000763553,60.2363418170374,4.25
1977-12-01,64.6474930007636,60.6569866621284,4.25
1978-01-01,64.8511071519471,61.2458894452559,4.25
1978-02-01,65.2583354543141,60.8252446001648,4.25
1978-03-01,65.7673708322728,62.1713081044562,3.5
1978-04-01,66.4800203614151,62.1713081044562,3.5
1978-05-01,66.8872486637821,62.3395660424926,3.5
1978-06-01,66.5818274370069,62.6760819185654,3.5
1978-07-01,66.7854415881904,63.0967267636565,3.5
1978-08-01,66.9890557393739,63.9380164538386,3.5
1978-09-01,67.7017052685162,64.4427902679478,3.5
1978-10-01,67.8035123441079,64.526919236966,3.5
1978-11-01,67.1926698905574,64.8634351130389,3.5
1978-12-01,67.0908628149656,65.4523378961663,3.5
1979-01-01,67.1926698905574,65.3682089271481,3.5
1979-02-01,66.9890557393739,65.2840799581299,3.5
1979-03-01,67.5998981929244,65.8729827412574,3.5
1979-04-01,68.4143547976584,66.125369648312,4.25
1979-05-01,69.025197251209,67.5555621216216,4.25
1979-06-01,69.1270043268007,67.8079490286762,4.25
1979-07-01,69.7378467803512,68.3127228427854,5.25
1979-08-01,69.025197251209,69.3222704710039,5.25
1979-09-01,69.9414609315348,68.0603359357308,5.25
1979-10-01,70.7559175362688,69.4905284090403,5.25
1979-11-01,70.4504963094935,70.3318180992224,6.25
1979-12-01,70.9595316874523,70.0794311921678,6.25
1980-01-01,71.5703741410028,70.584205006277,6.25
1980-02-01,72.1812165945533,73.1922030458415,7.25
1980-03-01,72.5884448969204,71.2572367584227,9
1980-04-01,73.9119368796131,72.5191712936958,9
1980-05-01,74.5227793331637,72.0143974795866,9
1980-06-01,74.8282005599389,71.2572367584227,9
1980-07-01,74.9300076355307,71.1731077894045,9
1980-08-01,74.7263934843472,69.0698835639493,8.25
1980-09-01,75.9480783914482,70.163560161186,8.25
1980-10-01,76.1516925426317,70.584205006277,8.25
1980-11-01,76.2534996182235,69.6587863470768,7.25
1980-12-01,76.04988546704,70.6683339752952,7.25
1981-01-01,76.864342071774,70.7524629443135,7.25
1981-02-01,76.7625349961822,70.5000760372588,7.25
1981-03-01,76.9661491473657,70.7524629443135,6.25
1981-04-01,77.5769916009163,70.7524629443135,6.25
1981-05-01,78.2896411300586,69.6587863470768,6.25
1981-06-01,78.3914482056503,71.4254946964591,6.25
1981-07-01,78.1878340544668,72.0143974795866,6.25
1981-08-01,77.8824128276915,71.762010572532,6.25
1981-09-01,79.0022906592008,72.9398161387869,6.25
1981-10-01,79.3077118859761,73.3604609838779,6.25
1981-11-01,79.2059048103843,73.3604609838779,6.25
1981-12-01,79.3077118859761,73.1080740768233,5.5
1982-01-01,79.3077118859761,72.6874292317323,5.5
1982-02-01,79.2059048103843,72.182655417623,5.5
1982-03-01,79.3077118859761,72.9398161387869,5.5
1982-04-01,79.9185543395266,71.9302685105684,5.5
1982-05-01,80.2239755663019,71.2572367584227,5.5
1982-06-01,80.2239755663019,72.182655417623,5.5
1982-07-01,79.7149401883431,72.0143974795866,5.5
1982-08-01,80.3257826418936,72.0985264486048,5.5
1982-09-01,81.5474675489946,72.4350423246776,5.5
1982-10-01,81.7510817001782,70.3318180992224,5.5
1982-11-01,81.0384321710359,72.0985264486048,5.5
1982-12-01,80.9366250954441,71.3413657274409,5.5
1983-01-01,81.0384321710359,71.9302685105684,5.5
1983-02-01,80.7330109442606,71.6778816035138,5.5
1983-03-01,81.1402392466276,72.6874292317323,5.5
1983-04-01,81.5474675489946,72.6874292317323,5.5
1983-05-01,82.3619241537287,73.0239451078051,5.5
1983-06-01,81.8528887757699,73.781105828969,5.5
1983-07-01,81.5474675489946,73.5287189219144,5.5
1983-08-01,81.3438533978112,75.2112983022785,5.5
1983-09-01,82.2601170781369,76.220845930497,5.5
1983-10-01,82.9727666072792,75.8843300544242,5
1983-11-01,82.5655383049122,76.6414907755881,5
1983-12-01,82.2601170781369,77.6510384038066,5
1984-01-01,82.5655383049122,78.239941186934,5
1984-02-01,83.074573682871,80.1749074743528,5
1984-03-01,83.1763807584627,79.5018757222072,5
1984-04-01,83.3799949096462,79.2494888151526,5
1984-05-01,83.9908373631968,80.6796812884621,5
1984-06-01,83.3799949096462,81.1844551025714,5
1984-07-01,83.5836090608297,81.1844551025714,5
1984-08-01,82.8709595316875,82.3622606688263,5
1984-09-01,84.1944515143803,81.1844551025714,5
1984-10-01,84.703486892339,83.5400662350812,5
1984-11-01,84.296258589972,83.5400662350812,5
1984-12-01,84.4998727411555,83.0352924209719,5
1985-01-01,84.703486892339,83.876582111154,5
1985-02-01,84.3980656655638,83.6241952040994,5
1985-03-01,84.703486892339,82.9511634519537,5
1985-04-01,85.3143293458895,84.2972269562451,5
1985-05-01,85.4161364214813,85.1385166464272,5
1985-06-01,85.4161364214813,83.7924531421358,5
1985-07-01,85.6197505726648,85.054387677409,5
1985-08-01,85.4161364214813,84.2972269562451,5
1985-09-01,85.517943497073,83.6241952040994,5
1985-10-01,86.3324001018071,84.4654848942815,5
1985-11-01,85.6197505726648,84.2972269562451,5
1985-12-01,85.7215576482566,84.2972269562451,5
1986-01-01,86.0269788750318,84.1289690182086,4.5
1986-02-01,85.9251717994401,84.1289690182086,4.5
1986-03-01,85.8233647238483,84.0448400491904,4
1986-04-01,86.1287859506236,84.0448400491904,3.5
1986-05-01,86.3324001018071,84.0448400491904,3.5
1986-06-01,85.9251717994401,84.2972269562451,3.5
1986-07-01,85.7215576482566,84.2972269562451,3.5
1986-08-01,85.517943497073,82.2781316998081,3.5
1986-09-01,85.9251717994401,85.054387677409,3.5
1986-10-01,86.0269788750318,83.9607110801722,3.5
1986-11-01,85.6197505726648,82.7829055139173,3
1986-12-01,85.4161364214813,84.7178718013361,3
1987-01-01,85.110715194706,84.4654848942815,3
1987-02-01,85.110715194706,84.0448400491904,2.5
1987-03-01,85.4161364214813,85.3067745844636,2.5
1987-04-01,86.2305930262153,84.6337428323179,2.5
1987-05-01,86.3324001018071,83.2876793280266,2.5
1987-06-01,86.2305930262153,86.4004511817003,2.5
1987-07-01,85.8233647238483,87.1576119028642,2.5
1987-08-01,85.8233647238483,87.1576119028642,2.5
1987-09-01,86.6378213285824,88.5036754071555,2.5
1987-10-01,86.6378213285824,89.933867880465,2.5
1987-11-01,86.2305930262153,90.2703837565379,2.5
1987-12-01,86.1287859506236,91.2799313847564,2.5
1988-01-01,85.8233647238483,91.5734127200929,2.5
1988-02-01,85.7215576482566,94.51430858818,2.5
1988-03-01,86.0269788750318,92.6889249459191,2.5
1988-04-01,86.4342071773988,94.9199493975714,2.5
1988-05-01,86.5360142529906,93.9058473740931,2.5
1988-06-01,86.3324001018071,94.2100779811366,2.5
1988-07-01,86.2305930262153,94.6157187905279,2.5
1988-08-01,86.4342071773988,95.122769802267,2.5
1988-09-01,87.1468567065411,96.6439228374846,2.5
1988-10-01,87.5540850089081,95.3255902069627,2.5
1988-11-01,87.2486637821329,97.3537942539194,2.5
1988-12-01,86.9432425553576,98.0636656703542,2.5
1989-01-01,86.8414354797658,98.8749472891369,2.5
1989-02-01,86.5360142529906,98.2664860750499,2.5
1989-03-01,86.9432425553576,101.815843157224,2.5
1989-04-01,88.4703486892339,100.193279919659,2.5
1989-05-01,88.9793840671927,100.294690122007,3.25
1989-06-01,88.9793840671927,101.51161255018,3.25
1989-07-01,88.7757699160092,99.381998300876,3.25
1989-08-01,88.6739628404174,101.105971740789,3.25
1989-09-01,89.4884194451514,100.801741133746,3.25
1989-10-01,90.099261898702,100.193279919659,3.75
1989-11-01,89.1829982183762,100.903151336094,3.75
1989-12-01,89.2848052939679,101.51161255018,4.25
1990-01-01,89.692033596335,100.903151336094,4.25
1990-02-01,89.7938406719267,101.410202347833,4.25
1990-03-01,90.099261898702,103.235585990094,5.25
1990-04-01,90.913718503436,103.438406394789,5.25
1990-05-01,91.320946805803,104.148277811224,5.25
1990-06-01,91.0155255790278,104.452508418268,5.25
1990-07-01,90.8119114278442,105.365200239398,5.25
1990-08-01,91.1173326546195,106.277892060529,6
1990-09-01,91.8299821837618,105.365200239398,6
1990-10-01,92.8480529396793,107.494814488703,6
1990-11-01,92.7462458640876,106.784943072268,6
1990-12-01,92.6444387884958,106.886353274616,6
1991-01-01,93.2552812420463,107.59622469105,6
1991-02-01,92.9498600152711,108.001865500442,6
1991-03-01,93.4588953932298,106.987763476963,6
1991-04-01,93.9679307711886,107.393404286355,6
1991-05-01,94.4769661491474,108.508916512181,6
1991-06-01,94.0697378467804,105.365200239398,6
1991-07-01,93.9679307711886,107.697634893398,5.5
1991-08-01,94.1715449223721,105.973661453485,5.5
1991-09-01,94.3751590735556,106.075071655833,5.5
1991-10-01,95.3932298294732,105.365200239398,5.5
1991-11-01,95.4950369050649,106.075071655833,5
1991-12-01,95.0878086026979,104.655328822963,4.5
1992-01-01,94.8841944515144,103.945457406528,4.5
1992-02-01,94.7823873759226,103.641226799485,4.5
1992-03-01,95.2914227538814,102.120073764268,4.5
1992-04-01,96.3094935097989,101.613022752528,3.75
1992-05-01,96.3094935097989,99.2805880985282,3.75
1992-06-01,96.3094935097989,101.308792145485,3.75
1992-07-01,95.4950369050649,101.105971740789,3.25
1992-08-01,95.8004581318402,98.165075872702,3.25
1992-09-01,96.3094935097989,101.917253359572,3.25
1992-10-01,96.3094935097989,98.773537086789,3.25
1992-11-01,96.2076864342072,97.556614658615,3.25
1992-12-01,96.2076864342072,97.1509738492237,3.25
1993-01-01,96.1058793586154,99.1791778961804,3.25
1993-02-01,96.2076864342072,99.381998300876,2.5
1993-03-01,96.4113005853907,96.0354616233976,2.5
1993-04-01,97.123950114533,97.8608452656585,2.5
1993-05-01,97.123950114533,99.1791778961804,2.5
1993-06-01,97.123950114533,97.3537942539194,2.5
1993-07-01,97.3275642657165,97.2523840515716,2.5
1993-08-01,97.6329854924917,96.339692230441,2.5
1993-09-01,97.7347925680835,96.6439228374846,1.75
1993-10-01,97.6329854924917,95.8326412187019,1.75
1993-11-01,97.123950114533,95.6298208140062,1.75
1993-12-01,97.123950114533,94.9199493975714,1.75
1994-01-01,97.2257571901247,94.51430858818,1.75
1994-02-01,97.2257571901247,95.3255902069627,1.75
1994-03-01,97.7347925680835,96.339692230441,1.75
1994-04-01,97.938406719267,97.2523840515716,1.75
1994-05-01,98.0402137948588,97.1509738492237,1.75
1994-06-01,97.6329854924917,98.3678962773977,1.75
1994-07-01,97.123950114533,99.381998300876,1.75
1994-08-01,97.6329854924917,100.193279919659,1.75
1994-09-01,97.938406719267,99.1791778961804,1.75
1994-10-01,98.345635021634,100.193279919659,1.75
1994-11-01,98.0402137948588,100.801741133746,1.75
1994-12-01,97.8365996436752,101.51161255018,1.75
1995-01-01,97.8365996436752,99.4834085032239,1.75
1995-02-01,97.5311784169,100.903151336094,1.75
1995-03-01,97.4293713413082,101.917253359572,1.75
1995-04-01,97.7347925680835,103.134175787746,1
1995-05-01,97.938406719267,101.410202347833,1
1995-06-01,97.8365996436752,101.308792145485,1
1995-07-01,97.3275642657165,99.8890493126152,1
1995-08-01,97.4293713413082,101.410202347833,1
1995-09-01,98.0402137948588,99.7876391102674,0.5
1995-10-01,97.7347925680835,101.308792145485,0.5
1995-11-01,97.4293713413082,102.120073764268,0.5
1995-12-01,97.4293713413082,103.438406394789,0.5
1996-01-01,97.3275642657165,101.917253359572,0.5
1996-02-01,97.123950114533,101.815843157224,0.5
1996-03-01,97.3275642657165,101.714432954876,0.5
1996-04-01,97.938406719267,102.01866356192,0.5
1996-05-01,98.1420208704505,102.627124776007,0.5
1996-06-01,97.8365996436752,102.829945180702,0.5
1996-07-01,97.7347925680835,103.438406394789,0.5
1996-08-01,97.6329854924917,103.539816597137,0.5
1996-09-01,98.0402137948588,104.655328822963,0.5
1996-10-01,98.2438279460422,105.26379003705,0.5
1996-11-01,97.938406719267,105.770841048789,0.5
1996-12-01,98.0402137948588,106.784943072268,0.5
1997-01-01,97.938406719267,108.407506309833,0.5
1997-02-01,97.7347925680835,108.407506309833,0.5
1997-03-01,97.8365996436752,108.813147119224,0.5
1997-04-01,99.7709340799186,106.075071655833,0.5
1997-05-01,99.9745482311021,109.218787928616,0.5
1997-06-01,99.9745482311021,108.610326714529,0.5
1997-07-01,99.567319928735,108.914557321572,0.5
1997-08-01,99.6691270043268,108.407506309833,0.5
1997-09-01,100.381776533469,107.697634893398,0.5
1997-10-01,100.687197760244,106.987763476963,0.5
1997-11-01,99.9745482311021,105.669430846442,0.5
1997-12-01,99.7709340799186,104.655328822963,0.5
1998-01-01,99.6691270043268,106.194264181417,0.5
1998-02-01,99.567319928735,103.430449498017,0.5
1998-03-01,99.9745482311021,101.198137638347,0.5
1998-04-01,100.178162382286,100.985536508855,0.5
1998-05-01,100.483583609061,100.241432555632,0.5
1998-06-01,100.076355306694,100.241432555632,0.5
1998-07-01,99.4655128531433,100.02883142614,0.5
1998-08-01,99.3637057775516,98.2217218254549,0.5
1998-09-01,100.178162382286,99.4973286024089,0.5
1998-10-01,100.890811911428,98.965825778678,0.5
1998-11-01,100.789004835836,98.4343229549472,0.5
1998-12-01,100.381776533469,98.3280223902011,0.5
1999-01-01,99.8727411555103,99.603629167155,0.5
1999-02-01,99.4655128531433,99.603629167155,0.5
1999-03-01,99.567319928735,100.879235944109,0.5
1999-04-01,100.076355306694,99.1784269081704,0.5
1999-05-01,100.076355306694,100.772935379363,0.5
1999-06-01,99.7709340799186,100.02883142614,0.5
1999-07-01,99.3637057775516,100.56033424987,0.5
1999-08-01,99.6691270043268,101.517039332586,0.5
1999-09-01,99.9745482311021,102.261143285809,0.5
1999-10-01,100.178162382286,102.154842721063,0.5
1999-11-01,99.567319928735,103.217848368525,0.5
1999-12-01,99.2618987019598,103.111547803778,0.5
2000-01-01,99.160091626368,103.005247239032,0.5
2000-02-01,98.8546703995928,102.898946674286,0.5
2000-03-01,99.0582845507763,104.387154580732,0.5
2000-04-01,99.2618987019598,105.981663051925,0.5
2000-05-01,99.3637057775516,105.343859663448,0.5
2000-06-01,99.160091626368,106.725767005148,0.5
2000-07-01,98.8546703995928,106.513165875656,0.5
2000-08-01,99.160091626368,108.001373782102,0.5
2000-09-01,99.0582845507763,105.769061922433,0.5
2000-10-01,99.0582845507763,107.363570393625,0.5
2000-11-01,98.752863324001,107.78877265261,0.5
2000-12-01,98.8546703995928,108.851778300071,0.5
2001-01-01,98.8546703995928,104.812356839717,0.5
2001-02-01,98.5492491728175,105.769061922433,0.35
2001-03-01,98.4474420972258,103.961952321748,0.25
2001-04-01,98.5492491728175,103.217848368525,0.25
2001-05-01,98.6510562484093,101.198137638347,0.25
2001-06-01,98.4474420972258,100.135131990886,0.25
2001-07-01,98.1420208704505,98.7532246491857,0.25
2001-08-01,98.4474420972258,97.3713173074856,0.25
2001-09-01,98.345635021634,95.5642077068008,0.1
2001-10-01,98.345635021634,95.5642077068008,0.1
2001-11-01,97.8365996436752,94.0759998003545,0.1
2001-12-01,97.7347925680835,95.03270488307,0.1
2002-01-01,97.5311784169,94.5012020593392,0.1
2002-02-01,97.0221430389412,95.670508271547,0.1
2002-03-01,97.2257571901247,96.0957105305316,0.1
2002-04-01,97.5311784169,95.9894099657855,0.1
2002-05-01,97.8365996436752,99.8162302966474,0.1
2002-06-01,97.7347925680835,98.6469240844396,0.1
2002-07-01,97.3275642657165,99.3910280376627,0.1
2002-08-01,97.6329854924917,99.8162302966474,0.1
2002-09-01,97.6329854924917,100.454033685124,0.1
2002-10-01,97.4293713413082,100.454033685124,0.1
2002-11-01,97.4293713413082,100.347733120378,0.1
2002-12-01,97.4293713413082,100.241432555632,0.1
2003-01-01,97.123950114533,101.623339897332,0.1
2003-02-01,96.8185288877577,101.188587641087,0.1
2003-03-01,97.123950114533,101.949404089516,0.1
2003-04-01,97.4293713413082,100.536459256719,0.1
2003-05-01,97.6329854924917,101.840716025455,0.1
2003-06-01,97.3275642657165,100.971211512964,0.1
2003-07-01,97.123950114533,101.405963769209,0.1
2003-08-01,97.3275642657165,100.427771192658,0.1
2003-09-01,97.4293713413082,103.471036986375,0.1
2003-10-01,97.4293713413082,104.666605691049,0.1
2003-11-01,96.9203359633495,104.883981819172,0.1
2003-12-01,97.0221430389412,104.557917626988,0.1
2004-01-01,96.8185288877577,106.40561471603,0.1
2004-02-01,96.8185288877577,106.079550523846,0.1
2004-03-01,97.0221430389412,105.53611020354,0.1
2004-04-01,97.0221430389412,107.383807292582,0.1
2004-05-01,97.123950114533,107.492495356643,0.1
2004-06-01,97.3275642657165,107.818559548827,0.1
2004-07-01,97.0221430389412,109.340192445686,0.1
2004-08-01,97.123950114533,107.818559548827,0.1
2004-09-01,97.4293713413082,108.144623741011,0.1
2004-10-01,97.938406719267,106.079550523846,0.1
2004-11-01,97.7347925680835,107.383807292582,0.1
2004-12-01,97.2257571901247,105.970862459785,0.1
2005-01-01,97.0221430389412,108.470687933195,0.1
2005-02-01,96.7167218121659,108.470687933195,0.1
2005-03-01,97.0221430389412,108.796752125379,0.1
2005-04-01,97.123950114533,109.231504381624,0.1
2005-05-01,97.2257571901247,108.361999869134,0.1
2005-06-01,96.8185288877577,108.796752125379,0.1
2005-07-01,96.7167218121659,108.144623741011,0.1
2005-08-01,96.8185288877577,108.144623741011,0.1
2005-09-01,97.123950114533,109.014128253502,0.1
2005-10-01,97.123950114533,108.03593567695,0.1
2005-11-01,96.7167218121659,110.209696958176,0.1
2005-12-01,96.8185288877577,110.644449214422,0.1
2006-01-01,96.9203359633495,110.970513406605,0.1
2006-02-01,96.6149147365742,110.753137278483,0.1
2006-03-01,96.8185288877577,111.513953726912,0.1
2006-04-01,97.0221430389412,113.579026944077,0.1
2006-05-01,97.3275642657165,111.840017919096,0.1
2006-06-01,97.3275642657165,113.361650815954,0.1
2006-07-01,97.0221430389412,113.7964030722,0.4
2006-08-01,97.7347925680835,114.122467264384,0.4
2006-09-01,97.7347925680835,114.013779200322,0.4
2006-10-01,97.5311784169,114.448531456568,0.4
2006-11-01,97.0221430389412,115.535412097181,0.4
2006-12-01,97.123950114533,115.644100161242,0.4
2007-01-01,96.9203359633495,114.448531456568,0.4
2007-02-01,96.4113005853907,115.100659840936,0.75
2007-03-01,96.7167218121659,115.100659840936,0.75
2007-04-01,97.0221430389412,114.774595648752,0.75
2007-05-01,97.3275642657165,116.078852417487,0.75
2007-06-01,97.123950114533,116.078852417487,0.75
2007-07-01,97.0221430389412,116.187540481549,0.75
2007-08-01,97.5311784169,119.122118211204,0.75
2007-09-01,97.5311784169,117.383109186223,0.75
2007-10-01,97.7347925680835,118.904742083082,0.75
2007-11-01,97.6329854924917,117.709173378407,0.75
2007-12-01,97.7347925680835,118.361301762775,0.75
2008-01-01,97.6329854924917,119.165301756329,0.75
2008-02-01,97.4293713413082,119.473222432702,0.75
2008-03-01,97.8365996436752,118.241539727211,0.75
2008-04-01,97.7347925680835,117.728338599922,0.75
2008-05-01,98.5492491728175,118.344179952668,0.75
2008-06-01,99.0582845507763,115.162332963481,0.75
2008-07-01,99.2618987019598,115.162332963481,0.75
2008-08-01,99.567319928735,110.954083719718,0.75
2008-09-01,99.567319928735,112.391046876125,0.75
2008-10-01,99.4655128531433,109.927681465141,0.5
2008-11-01,98.5492491728175,102.845505908563,0.5
2008-12-01,98.1420208704505,94.5316476464938,0.3
2009-01-01,97.6329854924917,86.9362709626279,0.3
2009-02-01,97.3275642657165,79.6488149551349,0.3
2009-03-01,97.6329854924917,80.3672965333384,0.3
2009-04-01,97.7347925680835,83.8570641988984,0.3
2009-05-01,97.5311784169,86.9362709626279,0.3
2009-06-01,97.3275642657165,88.373234119035,0.3
2009-07-01,97.0221430389412,89.3996363736114,0.3
2009-08-01,97.3275642657165,90.7339593045609,0.3
2009-09-01,97.3275642657165,93.5052453919174,0.3
2009-10-01,96.9203359633495,96.0712510283586,0.3
2009-11-01,96.7167218121659,98.0214153120539,0.3
2009-12-01,96.5131076609824,98.8425371157151,0.3
2010-01-01,96.6149147365742,101.100622075783,0.3
2010-02-01,96.6149147365742,101.408542752156,0.3
2010-03-01,96.8185288877577,101.716463428529,0.3
2010-04-01,96.8185288877577,102.948146134021,0.3
2010-05-01,96.8185288877577,102.53758523219,0.3
2010-06-01,96.6149147365742,101.921743879444,0.3
2010-07-01,96.1058793586154,103.153426584936,0.3
2010-08-01,96.2076864342072,103.666627712225,0.3
2010-09-01,96.4113005853907,105.000950643174,0.3
2010-10-01,96.7167218121659,102.024384104902,0.3
2010-11-01,96.4113005853907,103.769267937682,0.3
2010-12-01,96.2076864342072,104.077188614055,0.3
2011-01-01,96.1058793586154,104.795670192259,0.3
2011-02-01,96.1058793586154,105.206231094089,0.3
2011-03-01,96.3094935097989,88.5785145699503,0.3
2011-04-01,96.4113005853907,90.2207581772726,0.3
2011-05-01,96.4113005853907,96.1738912538162,0.3
2011-06-01,96.3094935097989,100.074219821207,0.3
2011-07-01,96.3094935097989,100.997981850326,0.3
2011-08-01,96.4113005853907,102.53758523219,0.3
2011-09-01,96.4113005853907,101.921743879444,0.3
2011-10-01,96.5131076609824,103.563987486767,0.3
2011-11-01,95.9022652074319,101.511182977614,0.3
2011-12-01,96.0040722830236,103.563987486767,0.3
2012-01-01,96.2076864342072,103.87190816314,0.3
2012-02-01,96.4113005853907,103.666627712225,0.3
2012-03-01,96.8185288877577,103.461347261309,0.3
2012-04-01,96.9203359633495,102.948146134021,0.3
2012-05-01,96.6149147365742,101.100622075783,0.3
2012-06-01,96.1058793586154,100.38214049758,0.3
2012-07-01,95.8004581318402,99.8689393702916,0.3
2012-08-01,96.0040722830236,98.6372566647998,0.3
2012-09-01,96.1058793586154,96.4818119301892,0.3
2012-10-01,96.1058793586154,96.7897326065621,0.3
2012-11-01,95.8004581318402,96.0712510283586,0.3
2012-12-01,95.8004581318402,97.405573959308,0.3
2013-01-01,95.9022652074319,95.3920506624448,0.3
2013-02-01,95.6986510562484,96.9919173402216,0.3
2013-03-01,95.9022652074319,97.8918423464711,0.3
2013-04-01,96.2076864342072,98.0918256811932,0.3
2013-05-01,96.3094935097989,99.591700691609,0.3
2013-06-01,96.3094935097989,98.5917840179985,0.3
2013-07-01,96.5131076609824,100.091659028414,0.3
2013-08-01,96.8185288877577,100.391634030497,0.3
2013-09-01,97.123950114533,101.191567369386,0.3
2013-10-01,97.2257571901247,101.491542371469,0.3
2013-11-01,97.2257571901247,101.891509040913,0.3
2013-12-01,97.3275642657165,101.891509040913,0.3
2014-01-01,97.2257571901247,103.591367386051,0.3
2014-02-01,97.2257571901247,102.891425714524,0.3
2014-03-01,97.4293713413082,104.291309057578,0.3
2014-04-01,99.4655128531433,99.7916840263311,0.3
2014-05-01,99.8727411555103,101.891509040913,0.3
2014-06-01,99.7709340799186,100.59161736522,0.3
2014-07-01,99.8727411555103,100.391634030497,0.3
2014-08-01,100.076355306694,99.491709024248,0.3
2014-09-01,100.279969457877,100.59161736522,0.3
2014-10-01,99.9745482311021,100.59161736522,0.3
2014-11-01,99.6691270043268,100.59161736522,0.3
2014-12-01,99.6691270043268,100.191650695775,0.3
2015-01-01,99.567319928735,102.691442379802,0.3
2015-02-01,99.3637057775516,99.7916840263311,0.3
2015-03-01,99.6691270043268,99.2917256895259,0.3
2015-04-01,100.178162382286,99.6916923589701,0.3
2015-05-01,100.483583609061,99.6916923589701,0.3
2015-06-01,100.178162382286,100.491625697859,0.3
2015-07-01,100.076355306694,100.391634030497,0.3
2015-08-01,100.178162382286,98.7917673527206,0.3
2015-09-01,100.279969457877,100.491625697859,0.3
2015-10-01,100.279969457877,100.59161736522,0.3
2015-11-01,99.8727411555103,99.9916673610532,0.3
2015-12-01,99.8727411555103,98.0918256811932,0.3
2016-01-01,99.4655128531433,100.291642363136,0.3
2016-02-01,99.567319928735,99.491709024248,0.3
2016-03-01,99.6691270043268,99.8916756936922,0.3
2016-04-01,99.8727411555103,99.1917340221648,0.3
2016-05-01,99.9745482311021,98.6917756853596,0.3
2016-06-01,99.8727411555103,99.1917340221648,0.3
2016-07-01,99.6691270043268,99.6916923589701,0.3
2016-08-01,99.6691270043268,100.59161736522,0.3
2016-09-01,99.7709340799186,100.991584034664,0.3
2016-10-01,100.381776533469,101.091575702025,0.3
2016-11-01,100.381776533469,102.091492375635,0.3
2016-12-01,100.178162382286,101.491542371469,0.3
2017-01-01,99.9745482311021,100.691609032581,0.3
2017-02-01,99.8727411555103,101.391550704108,0.3
2017-03-01,99.8727411555103,101.491542371469,0.3
2017-04-01,100.279969457877,103.791350720773,0.3
2017-05-01,100.381776533469,102.191484042996,.
2017-06-01,100.279969457877,102.991417381885,.
2017-07-01,100.076355306694,102.49145904508,.
2017-08-01,100.279969457877,103.791350720773,.
2017-09-01,100.585390684653,102.591450712441,.
2017-10-01,100.585390684653,103.191400716607,.
2017-11-01,100.890811911428,103.991334055495,.
2017-12-01,101.196233138203,105.491209065911,.
2018-01-01,101.298040213795,101.291559036747,.
2018-02-01,101.298040213795,103.791350720773,.
2018-03-01,100.99261898702,104.891259061745,.
2018-04-01,100.890811911428,104.291309057578,.
2018-05-01,101.094426062611,104.591284059662,.
2018-06-01,100.99261898702,103.591367386051,.
2018-07-01,100.99261898702,103.791350720773,.
2018-08-01,101.60346144057,103.591367386051,.
2018-09-01,101.705268516162,103.291392383968,.
2018-10-01,102.010689742937,105.291225731189,.
2018-11-01,101.807075591754,104.091325722856,.
2018-12-01,101.501654364978,104.39130072494,.
2019-01-01,101.501654364978,102.391467377719,.
2019-02-01,101.501654364978,102.891425714524,.
2019-03-01,101.501654364978,102.49145904508,.
2019-04-01,101.807075591754,102.691442379802,.
2019-05-01,101.807075591754,103.891342388134,.
2019-06-01,101.60346144057,101.391550704108,.
2019-07-01,101.60346144057,101.791517373552,.
2019-08-01,101.807075591754,100.491625697859,.
2019-09-01,101.908882667345,102.49145904508,.
2019-10-01,102.214303894121,98.2918090159153,.
2019-11-01,102.316110969712,97.691859011749,.
2019-12-01,102.316110969712,97.7918506791101,.
2020-01-01,102.316110969712,98.0918256811932,.
2020-02-01,102.112496818529,98.3918006832764,.
2020-03-01,102.112496818529,96.2919756686943,.
2020-04-01,102.010689742937,87.0927422714774,.
2020-05-01,101.908882667345,78.2934755437047,.
2020-06-01,101.705268516162,82.0931589034247,.
2020-07-01,101.807075591754,87.3927172735605,.
2020-08-01,101.908882667345,89.8925089575869,.
2020-09-01,101.705268516162,91.992333972169,.
2020-10-01,101.60346144057,93.6921923173069,.
2020-11-01,101.298040213795,93.99216731939,.
2020-12-01,101.094426062611,94.0921589867511,.
2021-01-01,101.60346144057,96.1919840013332,.
2021-02-01,101.60346144057,96.0919923339722,.
2021-03-01,101.705268516162,97.2918923423048,.
2021-04-01,100.890811911428,98.4917923506374,.
2021-05-01,101.196233138203,92.5922839763353,.
2021-06-01,101.298040213795,98.6917756853596,.
2021-07-01,101.501654364978,98.1918173485543,.
2021-08-01,101.501654364978,95.792017331889,.
2021-09-01,101.908882667345,90.092492292309,.
2021-10-01,101.705268516162,92.1923173068911,.
2021-11-01,101.908882667345,97.0919090075827,.
2021-12-01,101.908882667345,96.9919173402216,.
2022-01-01,102.112496818529,94.8920923256395,.
2022-02-01,102.519725120896,97.0919090075827,.
2022-03-01,102.926953423263,96.6919423381385,.
2022-04-01,103.33418172563,95.3920506624448,.
2022-05-01,.,88.6926089492542,.
2022-06-01,.,96.4919590034164,.
2022-07-01,.,97.1919006749438,.
2022-08-01,.,99.6916923589701,.
2022-09-01,.,98.3918006832764,.
2022-10-01,.,95.2920589950837,.
2022-11-01,.,95.5920339971669,.
